window_start,window_end,return_metric,section,predicted_tier_cal,filteredtier,optionType,filter_stage,n_trades,wins,losses,breakeven,win_rate,avg_pnl,median_pnl,avg_return_pct,median_return_pct,worst_drawdown_proxy,profit_factor,tradeable_coverage,avg_win_pnl,median_win_pnl,avg_loss_pnl_abs,median_loss_pnl_abs,win_loss_ratio,avg_win_return_pct,median_win_return_pct,avg_loss_return_pct_abs,median_loss_return_pct_abs,p25_win_return_pct,p75_win_return_pct,p25_loss_return_pct_abs,p75_loss_return_pct_abs
2026-03-17 00:00:00,2026-04-30 00:00:00,coalesce_pnlpct_or_pnl_over_risk,S10_predicted_A_baseline,A,A,call,predicted_A_all,433,352.0,79.0,2.0,0.812933025404157,1938.2240184757507,2295.0,129.21493456505004,153.0,-40.519999999999996,26.6635985566632,1.0,2477.1392045454545,2745.0,413.9493670886076,388.0,5.984159903342025,165.14261363636362,183.0,27.596624472573843,25.866666666666667,50.116666666666674,254.56666666666666,13.033333333333331,42.8
2026-03-17 00:00:00,2026-04-30 00:00:00,coalesce_pnlpct_or_pnl_over_risk,S10_predicted_A_baseline,A,Dropped,call,predicted_A_all,423,194.0,218.0,11.0,0.458628841607565,298.9527186761229,-35.0,19.930181245074856,-2.3333333333333335,-95.56666666666666,1.682087628170898,1.0,1607.4948453608247,967.5,850.4449541284404,590.5,1.8901809429961638,107.16632302405496,64.5,56.69633027522937,39.36666666666666,18.116666666666667,143.1,26.68333333333333,59.96666666666667
2026-03-17 00:00:00,2026-04-30 00:00:00,coalesce_pnlpct_or_pnl_over_risk,S11_filtered_A_only,A,A,call,A_filtered_no_adaptive,932,605.0,308.0,19.0,0.6491416309012875,925.7231759656653,348.5,72.23419170243203,27.533333333333335,-60.756666666666675,7.733530527350914,0.48175965665236054,1637.8595041322315,1068.0,416.0097402597403,339.0,3.9370700866513744,128.71735537190082,86.66666666666667,34.25887445887445,27.5,30.599999999999998,201.79999999999998,14.633333333333333,48.5
2026-03-17 00:00:00,2026-04-30 00:00:00,coalesce_pnlpct_or_pnl_over_risk,S12_adaptive_only,A,A,call,adaptive_A_not_filtered_A,745,594.0,144.0,7.0,0.7973154362416107,1690.8872483221476,1663.0,129.3561521252796,126.93333333333334,-48.46666666666667,22.448095619157883,0.6026845637583893,2219.6026936026938,2158.5,407.86805555555554,338.5,5.441962574341305,170.57216610549943,167.93333333333334,34.37175925925927,28.06666666666667,81.16666666666666,242.76666666666665,13.216666666666665,49.03333333333334
2026-03-17 00:00:00,2026-04-30 00:00:00,coalesce_pnlpct_or_pnl_over_risk,S12_adaptive_only,A,Dropped,call,adaptive_A_not_filtered_A,1600,774.0,814.0,12.0,0.48375,363.4675,-16.5,433.2872157634998,-1.7666666666666668,-149.2533333333333,2.3762983824208073,0.455625,1297.2777777777778,896.0,519.0970515970516,467.5,2.499104500375371,1368.9818836146974,95.93333333333334,450.03984360709603,44.099999999999994,37.7,203.61666666666667,24.0,73.96666666666667
2026-03-17 00:00:00,2026-04-30 00:00:00,coalesce_pnlpct_or_pnl_over_risk,S12_adaptive_only,B,A_prime,call,adaptive_A_not_filtered_A,967,753.0,182.0,32.0,0.7786970010341262,1524.4963805584282,1272.0,123.08052395725612,97.66666666666667,-36.67999999999999,27.46039523989015,0.59358841778697,2031.7410358565737,1851.0,306.11538461538464,202.0,6.637173882682612,164.15369632580789,139.06666666666666,25.213553113553107,17.633333333333333,59.86666666666667,243.93333333333334,7.350000000000001,37.53333333333334
2026-03-17 00:00:00,2026-04-30 00:00:00,coalesce_pnlpct_or_pnl_over_risk,S12_adaptive_only,B,Dropped,call,adaptive_A_not_filtered_A,1359,551.0,755.0,53.0,0.40544518027961735,193.72185430463577,-67.0,449.14968847809996,-8.0,-2926.510635086622,1.7655921483097055,0.40029433406916853,1101.8929219600725,611.0,455.4635761589404,378.0,2.4192778075750048,1976.9447166910022,75.33333333333333,634.3074334503373,44.4,21.133333333333333,263.4666666666667,21.3,81.19999999999999
2026-03-17 00:00:00,2026-04-30 00:00:00,coalesce_pnlpct_or_pnl_over_risk,S13_core_plus_quant,A,A,call,A_A_A_plus_quant,359,308.0,50.0,1.0,0.8579387186629527,2190.7548746518105,2565.0,146.05032497678738,171.0,-27.133333333333322,43.528578381009034,1.0,2613.551948051948,2900.0,369.86,282.5,7.066327659254712,174.23679653679656,193.33333333333331,24.657333333333337,18.833333333333336,74.21666666666667,255.98333333333335,10.533333333333333,40.36666666666667
2026-03-17 00:00:00,2026-04-30 00:00:00,coalesce_pnlpct_or_pnl_over_risk,S1_overall,A,A,call,baseline,1899,1235.0,636.0,28.0,0.6503422854133755,1053.4676145339652,482.0,81.66757942776903,39.46666666666667,-70.18666666666667,6.93018188932497,0.5339652448657188,1893.0226720647772,1679.0,530.4213836477987,430.0,3.5689033859195796,147.2516599190283,128.13333333333335,42.08972746331239,36.36666666666667,45.63333333333333,225.7,18.28333333333333,56.71666666666667
2026-03-17 00:00:00,2026-04-30 00:00:00,coalesce_pnlpct_or_pnl_over_risk,S1_overall,A,Dropped,call,baseline,8438,3758.0,4548.0,132.0,0.4453662005214506,223.04361223038634,-65.0,372.03120189454205,-7.666666666666666,-1511.1244916492283,1.8013173328905323,0.342853756814411,1125.7921766897286,735.0,516.4215039577837,434.5,2.179987022348627,1428.327159336077,90.46666666666667,489.98552840783555,46.666666666666664,33.64088191330344,226.23333333333332,25.43333333333333,81.33333333333333
2026-03-17 00:00:00,2026-04-30 00:00:00,coalesce_pnlpct_or_pnl_over_risk,S1_overall,B,A_prime,call,baseline,3705,2343.0,1170.0,192.0,0.6323886639676113,940.0817813765182,290.0,74.27773279352222,21.866666666666667,-60.44,8.008505577823925,0.5287449392712551,1698.664532650448,1244.0,424.75897435897434,332.5,3.9991257046751993,134.62148242993308,100.4,34.375327635327636,26.866666666666667,29.266666666666666,208.66666666666666,11.416666666666668,49.333333333333336
2026-03-17 00:00:00,2026-04-30 00:00:00,coalesce_pnlpct_or_pnl_over_risk,S1_overall,B,Dropped,call,baseline,8936,4037.0,4422.0,477.0,0.4517681289167413,206.12768576544315,0.0,405.397038311363,0.0,-1798.7923060471585,1.9428647479620695,0.3540734109221128,940.1862769383206,535.0,441.78539122568975,339.0,2.1281515767867902,1493.2342441522499,71.86666666666667,543.9978989806177,40.13333333333333,20.8,215.33333333333334,18.666666666666668,77.81666666666666
2026-03-17 00:00:00,2026-04-30 00:00:00,coalesce_pnlpct_or_pnl_over_risk,S1_overall,C,C,call,baseline,7625,4407.0,2787.0,431.0,0.5779672131147541,904.5232786885246,140.0,404.2966272650728,13.666666666666666,-109.10666666666665,4.872331346727715,0.5135737704918033,1969.1592920353983,1150.0,639.0724793684966,342.0,3.0812769374472753,813.2714005091289,112.00000000000001,179.87989922768094,32.0,32.96666666666667,236.5666666666667,14.033333333333335,66.66666666666666
2026-03-17 00:00:00,2026-04-30 00:00:00,coalesce_pnlpct_or_pnl_over_risk,S1_overall,C,Dropped,call,baseline,4796,1613.0,2951.0,232.0,0.33632193494578816,50.76814011676397,-135.0,428.6258350009229,-19.866666666666667,-4537.332559601528,1.1265388998863415,0.33152627189324435,1343.8729076255424,395.0,652.0443917316164,367.0,2.061014441143579,2846.1560759402946,147.93333333333334,859.0851392162896,54.666666666666664,30.533333333333335,2159.090909090909,25.066666666666666,180.66666666666666
2026-03-17 00:00:00,2026-04-30 00:00:00,coalesce_pnlpct_or_pnl_over_risk,S1_overall,D,D,call,baseline,189741,84340.0,83015.0,22386.0,0.44450066142794653,84.3459874249635,0.0,593.9319033398474,0.0,-413.2231404958678,3.114294199602662,0.25532699838200495,279.5028456248518,69.0,91.18084683490936,35.0,3.065367950913149,1791.9593546864767,8.666666666666668,463.05629949589905,4.0,2.0,45.800000000000004,1.2,14.266666666666666
2026-03-17 00:00:00,2026-04-30 00:00:00,coalesce_pnlpct_or_pnl_over_risk,S1_overall,D,Dropped,call,baseline,134102,45926.0,70314.0,17862.0,0.34247065666433013,12.23817318160803,-3.0,541.6315897241105,-0.33333333333333337,-5161.290322580646,1.2489981515891129,0.1732188930813858,179.24989112920787,46.0,93.73761981966607,40.0,1.9122513615563492,3351.9902525301313,17.533333333333335,1156.37888461069,8.666666666666668,2.8000000000000003,2285.714285714286,2.3333333333333335,1000.0
2026-03-17 00:00:00,2026-04-30 00:00:00,coalesce_pnlpct_or_pnl_over_risk,S2_filter_uplift,A,A,call,all_filters,433,352.0,79.0,2.0,0.812933025404157,1938.2240184757507,2295.0,129.21493456505004,153.0,-40.519999999999996,26.6635985566632,1.0,2477.1392045454545,2745.0,413.9493670886076,388.0,5.984159903342025,165.14261363636368,183.0,27.596624472573843,25.866666666666667,50.116666666666674,254.56666666666666,13.033333333333331,42.8
2026-03-17 00:00:00,2026-04-30 00:00:00,coalesce_pnlpct_or_pnl_over_risk,S2_filter_uplift,A,Dropped,call,all_filters,423,194.0,218.0,11.0,0.458628841607565,298.9527186761229,-35.0,19.930181245074845,-2.3333333333333335,-95.56666666666666,1.682087628170898,1.0,1607.4948453608247,967.5,850.4449541284404,590.5,1.8901809429961638,107.16632302405496,64.5,56.69633027522936,39.36666666666666,18.116666666666667,143.1,26.68333333333333,59.96666666666667
2026-03-17 00:00:00,2026-04-30 00:00:00,coalesce_pnlpct_or_pnl_over_risk,S2_filter_uplift,A,A,call,baseline,147,93.0,54.0,0.0,0.6326530612244898,716.9047619047619,291.0,67.45170068027211,26.13333333333333,-68.94,5.756070042422602,0.0,1371.4301075268818,1210.0,410.3333333333333,410.0,3.3422342181808657,129.3648745519713,101.0,39.17654320987654,35.099999999999994,41.66666666666667,199.06666666666666,18.53333333333333,54.2
2026-03-17 00:00:00,2026-04-30 00:00:00,coalesce_pnlpct_or_pnl_over_risk,S2_filter_uplift,A,Dropped,call,baseline,1348,440.0,890.0,18.0,0.3264094955489614,-86.78189910979229,-180.0,210.8003368385414,-27.333333333333332,-3989.579027123741,0.7059076407900988,0.0,638.1613636363636,406.0,446.93595505617975,367.5,1.4278586370527,2161.4354678770706,86.96666666666667,749.2952267500649,54.43333333333334,25.483333333333334,552.1423228977454,28.5,113.03333333333333
2026-03-17 00:00:00,2026-04-30 00:00:00,coalesce_pnlpct_or_pnl_over_risk,S2_filter_uplift,A,A,call,momentum_only,542,322.0,205.0,15.0,0.5940959409594095,684.5258302583026,257.5,62.82669126691268,20.666666666666664,-75.32,5.088522783624442,0.12730627306273062,1434.0310559006211,1316.5,442.6585365853659,365.0,3.239587486468977,132.1045548654244,110.6,41.39317073170731,35.733333333333334,42.56666666666666,184.55,17.266666666666666,57.199999999999996
2026-03-17 00:00:00,2026-04-30 00:00:00,coalesce_pnlpct_or_pnl_over_risk,S2_filter_uplift,A,Dropped,call,momentum_only,4006,1851.0,2102.0,53.0,0.4620569146280579,212.53220169745381,-36.0,563.6354014409268,-4.933333333333334,-2735.9649122807014,1.8826955575138666,0.1015976035946081,981.066450567261,652.0,458.872502378687,390.5,2.1379935504560494,1912.4716202347015,106.2,609.9246198297246,48.66666666666667,40.599999999999994,320.4666666666667,26.0,94.66666666666667
2026-03-17 00:00:00,2026-04-30 00:00:00,coalesce_pnlpct_or_pnl_over_risk,S2_filter_uplift,A,A,call,momentum_plus_valuation,777,468.0,298.0,11.0,0.6023166023166023,881.4491634491634,310.0,71.00283140283142,23.599999999999998,-77.46666666666667,4.571895714576282,0.6589446589446589,1873.138888888889,1663.5,643.4328859060403,543.5,2.9111643652643844,147.7713675213675,117.76666666666668,46.93892617449664,40.83333333333333,41.3,232.06666666666663,21.6,60.78333333333333
2026-03-17 00:00:00,2026-04-30 00:00:00,coalesce_pnlpct_or_pnl_over_risk,S2_filter_uplift,A,Dropped,call,momentum_plus_valuation,2661,1273.0,1338.0,50.0,0.47839158211198796,383.75159714393084,-10.0,221.2275620777048,-1.0,-94.6,2.2749158827164733,0.7752724539646749,1431.365278868814,997.0,598.6285500747384,545.0,2.3910741956595767,672.3068524728735,77.73333333333333,199.67121114289685,43.333333333333336,33.33333333333333,168.6,22.98333333333333,63.083333333333336
2026-03-17 00:00:00,2026-04-30 00:00:00,coalesce_pnlpct_or_pnl_over_risk,S2_filter_uplift,B,A_prime,call,all_filters,666,458.0,183.0,25.0,0.6876876876876877,1477.2537537537537,554.5,98.48358358358362,36.96666666666667,-43.45,15.245290668211105,1.0,2298.943231441048,2509.5,377.40437158469945,310.0,6.091458935114917,153.26288209606994,167.3,25.160291438979968,20.666666666666668,33.36666666666666,249.61666666666667,8.966666666666667,40.3
2026-03-17 00:00:00,2026-04-30 00:00:00,coalesce_pnlpct_or_pnl_over_risk,S2_filter_uplift,B,Dropped,call,all_filters,505,172.0,280.0,53.0,0.3405940594059406,132.3009900990099,-75.0,8.820066006600657,-5.0,-76.78666666666666,1.3972908205436199,1.0,1366.1686046511627,426.5,600.6035714285714,594.0,2.274659475303567,91.07790697674417,28.433333333333337,40.040238095238095,39.599999999999994,8.05,87.03333333333333,19.733333333333334,55.8
2026-03-17 00:00:00,2026-04-30 00:00:00,coalesce_pnlpct_or_pnl_over_risk,S2_filter_uplift,B,A_prime,call,baseline,372,244.0,117.0,11.0,0.6559139784946236,787.5645161290323,472.5,75.03924731182795,40.5,-74.41999999999999,7.543395720730781,0.0,1384.2131147540983,1213.5,382.6837606837607,320.0,3.6171200792028744,133.33633879781422,106.66666666666667,39.482621082621094,26.866666666666667,43.16666666666667,195.31666666666666,13.333333333333334,57.46666666666667
2026-03-17 00:00:00,2026-04-30 00:00:00,coalesce_pnlpct_or_pnl_over_risk,S2_filter_uplift,B,Dropped,call,baseline,1602,622.0,922.0,58.0,0.3882646691635456,51.92821473158552,-76.5,396.9324187022086,-10.933333333333334,-3923.9699703287724,1.2162989272026667,0.0,752.0755627009646,505.0,417.13882863340564,327.5,1.8029382811589367,2205.785405733502,96.76666666666668,798.3869713723427,47.56666666666666,24.0,301.01666666666665,21.81666666666667,119.95
2026-03-17 00:00:00,2026-04-30 00:00:00,coalesce_pnlpct_or_pnl_over_risk,S2_filter_uplift,B,A_prime,call,momentum_only,1195,743.0,392.0,60.0,0.6217573221757322,668.5188284518829,233.0,58.83391910739191,19.333333333333332,-62.66666666666667,6.363662609186065,0.2393305439330544,1275.6702557200538,905.0,379.9566326530612,292.5,3.3574101518182196,113.07052489905784,82.66666666666667,34.96139455782313,27.333333333333332,27.333333333333332,163.13333333333333,11.866666666666665,50.96666666666666
2026-03-17 00:00:00,2026-04-30 00:00:00,coalesce_pnlpct_or_pnl_over_risk,S2_filter_uplift,B,Dropped,call,momentum_only,3997,1912.0,1906.0,179.0,0.47835876907680763,227.0245183887916,0.0,566.5007341111367,0.0,-2361.388923186676,2.2974146559070294,0.16087065298974232,840.3875523012553,480.0,366.9485834207765,281.0,2.290205195689748,1800.5135227613373,82.86666666666667,618.1943448465184,37.733333333333334,24.9,305.5,17.866666666666667,81.79999999999998
2026-03-17 00:00:00,2026-04-30 00:00:00,coalesce_pnlpct_or_pnl_over_risk,S2_filter_uplift,B,A_prime,call,momentum_plus_valuation,1472,898.0,478.0,96.0,0.6100543478260869,956.0448369565217,217.0,75.67105978260876,16.566666666666663,-63.42333333333333,7.009317380202061,0.6841032608695652,1827.9331848552338,1402.0,489.92887029288704,374.0,3.731017491911565,143.2942835931701,100.66666666666667,36.172524407252446,29.1,25.599999999999998,225.45,12.416666666666668,51.883333333333326
2026-03-17 00:00:00,2026-04-30 00:00:00,coalesce_pnlpct_or_pnl_over_risk,S2_filter_uplift,B,Dropped,call,momentum_plus_valuation,2832,1331.0,1314.0,187.0,0.4699858757062147,277.02648305084745,0.0,253.52564689754703,0.0,-142.3333333333333,2.1185329341317365,0.711864406779661,1116.4079639368895,687.0,533.7899543378995,440.0,2.091474286588356,900.0307030478698,59.0,365.26349599913397,40.0,18.53333333333333,146.46666666666667,17.333333333333336,68.65
2026-03-17 00:00:00,2026-04-30 00:00:00,coalesce_pnlpct_or_pnl_over_risk,S3_filteredtier_diag,A,A,call,no_extra_filters,1899,1235.0,636.0,28.0,0.6503422854133755,1053.4676145339652,482.0,81.66757942776898,39.46666666666667,-70.18666666666667,6.93018188932497,0.5339652448657188,1893.0226720647772,1679.0,530.4213836477987,430.0,3.5689033859195796,147.25165991902827,128.13333333333335,42.089727463312364,36.36666666666667,45.63333333333333,225.7,18.28333333333333,56.71666666666667
2026-03-17 00:00:00,2026-04-30 00:00:00,coalesce_pnlpct_or_pnl_over_risk,S3_filteredtier_diag,A,Dropped,call,no_extra_filters,8438,3758.0,4548.0,132.0,0.4453662005214506,223.04361223038634,-65.0,372.03120189454216,-7.666666666666666,-1511.1244916492283,1.8013173328905323,0.342853756814411,1125.7921766897286,735.0,516.4215039577837,434.5,2.179987022348627,1428.3271593360773,90.46666666666667,489.98552840783566,46.666666666666664,33.64088191330344,226.23333333333332,25.43333333333333,81.33333333333333
2026-03-17 00:00:00,2026-04-30 00:00:00,coalesce_pnlpct_or_pnl_over_risk,S3_filteredtier_diag,B,A_prime,call,no_extra_filters,3705,2343.0,1170.0,192.0,0.6323886639676113,940.0817813765182,290.0,74.2777327935223,21.866666666666667,-60.44,8.008505577823925,0.5287449392712551,1698.664532650448,1244.0,424.75897435897434,332.5,3.9991257046751993,134.62148242993308,100.4,34.375327635327636,26.866666666666667,29.266666666666666,208.66666666666666,11.416666666666668,49.333333333333336
2026-03-17 00:00:00,2026-04-30 00:00:00,coalesce_pnlpct_or_pnl_over_risk,S3_filteredtier_diag,B,Dropped,call,no_extra_filters,8936,4037.0,4422.0,477.0,0.4517681289167413,206.12768576544315,0.0,405.39703831136273,0.0,-1798.7923060471585,1.9428647479620695,0.3540734109221128,940.1862769383206,535.0,441.78539122568975,339.0,2.1281515767867902,1493.23424415225,71.86666666666667,543.9978989806177,40.13333333333333,20.8,215.33333333333334,18.666666666666668,77.81666666666666
2026-03-17 00:00:00,2026-04-30 00:00:00,coalesce_pnlpct_or_pnl_over_risk,S4_optiontype_final,A,A,call,all_filters,433,352.0,79.0,2.0,0.812933025404157,1938.2240184757507,2295.0,129.21493456505004,153.0,-40.519999999999996,26.6635985566632,1.0,2477.1392045454545,2745.0,413.9493670886076,388.0,5.984159903342025,165.1426136363636,183.0,27.59662447257385,25.866666666666667,50.116666666666674,254.56666666666666,13.033333333333331,42.8
2026-03-17 00:00:00,2026-04-30 00:00:00,coalesce_pnlpct_or_pnl_over_risk,S4_optiontype_final,A,Dropped,call,all_filters,423,194.0,218.0,11.0,0.458628841607565,298.9527186761229,-35.0,19.93018124507486,-2.3333333333333335,-95.56666666666666,1.682087628170898,1.0,1607.4948453608247,967.5,850.4449541284404,590.5,1.8901809429961638,107.16632302405496,64.5,56.69633027522934,39.36666666666666,18.116666666666667,143.1,26.68333333333333,59.96666666666667
2026-03-17 00:00:00,2026-04-30 00:00:00,coalesce_pnlpct_or_pnl_over_risk,S4_optiontype_final,B,A_prime,call,all_filters,666,458.0,183.0,25.0,0.6876876876876877,1477.2537537537537,554.5,98.48358358358365,36.96666666666667,-43.45,15.245290668211105,1.0,2298.943231441048,2509.5,377.40437158469945,310.0,6.091458935114917,153.26288209606992,167.3,25.160291438979957,20.666666666666668,33.36666666666666,249.61666666666667,8.966666666666667,40.3
2026-03-17 00:00:00,2026-04-30 00:00:00,coalesce_pnlpct_or_pnl_over_risk,S4_optiontype_final,B,Dropped,call,all_filters,505,172.0,280.0,53.0,0.3405940594059406,132.3009900990099,-75.0,8.82006600660066,-5.0,-76.78666666666666,1.3972908205436199,1.0,1366.1686046511627,426.5,600.6035714285714,594.0,2.274659475303567,91.07790697674419,28.433333333333337,40.040238095238095,39.599999999999994,8.05,87.03333333333333,19.733333333333334,55.8
2026-03-17 00:00:00,2026-04-30 00:00:00,coalesce_pnlpct_or_pnl_over_risk,S5_final_plus_quant,A,A,call,all_filters_plus_quant,413,351.0,61.0,1.0,0.8498789346246973,2057.864406779661,2392.0,137.19096045197742,159.46666666666667,-26.666666666666668,39.88269741055906,1.0,2483.6353276353275,2750.0,358.327868852459,328.0,6.93118103146468,165.5756885090218,183.33333333333331,23.88852459016394,21.866666666666667,50.7,254.60000000000002,10.0,35.13333333333333
2026-03-17 00:00:00,2026-04-30 00:00:00,coalesce_pnlpct_or_pnl_over_risk,S5_final_plus_quant,A,Dropped,call,all_filters_plus_quant,290,160.0,121.0,9.0,0.5517241379310345,595.6241379310345,107.5,39.70827586206896,7.166666666666667,-135.85,2.3962235173344757,1.0,1852.775,1525.0,1022.4214876033058,600.0,1.8121440349841975,123.51833333333335,101.66666666666667,68.16143250688702,40.0,21.0,173.53333333333333,27.133333333333333,60.333333333333336
2026-03-17 00:00:00,2026-04-30 00:00:00,coalesce_pnlpct_or_pnl_over_risk,S5_final_plus_quant,B,A_prime,call,all_filters_plus_quant,581,438.0,129.0,14.0,0.7538726333907056,1656.027538726334,940.0,110.401835915089,62.66666666666667,-37.333333333333336,24.11143138526579,1.0,2291.74200913242,2555.5,322.72093023255815,262.0,7.101311983331705,152.782800608828,170.36666666666667,21.51472868217055,17.466666666666665,35.199999999999996,250.58333333333334,7.000000000000001,35.53333333333333
2026-03-17 00:00:00,2026-04-30 00:00:00,coalesce_pnlpct_or_pnl_over_risk,S5_final_plus_quant,B,Dropped,call,all_filters_plus_quant,307,125.0,153.0,29.0,0.40716612377850164,446.5342019543974,0.0,29.768946796959835,0.0,-72.23333333333333,2.6551682503652367,1.0,1759.272,707.0,541.3267973856209,500.0,3.2499259384470496,117.2848,47.13333333333333,36.0884531590414,33.33333333333333,11.866666666666667,160.46666666666667,14.466666666666667,54.733333333333334
2026-03-17 00:00:00,2026-04-30 00:00:00,coalesce_pnlpct_or_pnl_over_risk,S6_adaptive_tier,A,A,call,A,745,594.0,144.0,7.0,0.7973154362416107,1690.8872483221476,1663.0,129.3561521252796,126.93333333333334,-48.46666666666667,22.448095619157883,0.6026845637583893,2219.6026936026938,2158.5,407.86805555555554,338.5,5.441962574341305,170.57216610549943,167.93333333333334,34.37175925925926,28.06666666666667,81.16666666666666,242.76666666666665,13.216666666666665,49.03333333333334
2026-03-17 00:00:00,2026-04-30 00:00:00,coalesce_pnlpct_or_pnl_over_risk,S6_adaptive_tier,A,Dropped,call,A,1600,774.0,814.0,12.0,0.48375,363.4675,-16.5,433.2872157635,-1.7666666666666668,-149.2533333333333,2.3762983824208073,0.455625,1297.2777777777778,896.0,519.0970515970516,467.5,2.499104500375371,1368.9818836146974,95.93333333333334,450.0398436070958,44.099999999999994,37.7,203.61666666666667,24.0,73.96666666666667
2026-03-17 00:00:00,2026-04-30 00:00:00,coalesce_pnlpct_or_pnl_over_risk,S6_adaptive_tier,A,A,call,B,883,573.0,293.0,17.0,0.6489241223103058,918.1574178935448,320.0,71.81744054360131,26.13333333333333,-60.64,7.75413837630691,0.47678369195922987,1624.3769633507854,1027.0,409.67576791808875,335.0,3.965030618251178,128.05433391506682,83.6,33.99431171786123,27.0,29.333333333333332,203.33333333333331,14.399999999999999,48.4
2026-03-17 00:00:00,2026-04-30 00:00:00,coalesce_pnlpct_or_pnl_over_risk,S6_adaptive_tier,A,Dropped,call,B,4319,2228.0,2024.0,67.0,0.5158601528131512,398.2280620514008,30.0,571.0693091215028,3.3333333333333335,-2176.2911582817983,2.872263091549955,0.3065524426950683,1184.2877019748653,785.5,453.87648221343875,355.0,2.6092731136881095,1640.8732000645748,108.3,587.6566915257418,46.800000000000004,39.33333333333333,287.60216606498193,22.316666666666666,94.66666666666667
2026-03-17 00:00:00,2026-04-30 00:00:00,coalesce_pnlpct_or_pnl_over_risk,S6_adaptive_tier,A,A,call,C,49,32.0,15.0,2.0,0.6530612244897959,1062.061224489796,925.0,79.74421768707484,75.2,-58.14666666666666,7.427989130434782,0.5714285714285714,1879.28125,1509.0,539.7333333333333,430.0,3.481869904891304,140.58958333333334,139.06666666666666,39.426666666666655,31.266666666666666,75.75,199.7,26.73333333333333,48.333333333333336
2026-03-17 00:00:00,2026-04-30 00:00:00,coalesce_pnlpct_or_pnl_over_risk,S6_adaptive_tier,A,Dropped,call,C,806,376.0,420.0,10.0,0.4665012406947891,128.212158808933,-29.5,297.9008018715697,-3.9333333333333336,-2503.6208031599735,1.4927263277849034,0.2630272952853598,832.6276595744681,525.5,499.3547619047619,398.0,1.6674070682703708,1267.376632437389,73.1,562.9180178285075,48.93333333333333,22.0,190.71666666666667,22.666666666666664,91.53333333333333
2026-03-17 00:00:00,2026-04-30 00:00:00,coalesce_pnlpct_or_pnl_over_risk,S6_adaptive_tier,A,A,call,,222,36.0,184.0,2.0,0.16216216216216217,-549.3243243243244,-582.0,-38.76516516516517,-44.8,-150.72333333333333,0.1896148427739826,0.5225225225225225,792.6111111111111,363.5,817.8478260869565,656.5,0.969142529733689,73.94259259259259,27.633333333333333,61.23804347826088,50.03333333333333,14.966666666666667,121.61666666666667,36.4,71.4
2026-03-17 00:00:00,2026-04-30 00:00:00,coalesce_pnlpct_or_pnl_over_risk,S6_adaptive_tier,A,Dropped,call,,1713,380.0,1290.0,43.0,0.22183304144775248,-305.1908931698774,-398.0,-152.14048805587197,-37.333333333333336,-195.54666666666665,0.3446791975080381,0.3666082895504962,723.6131578947368,412.0,618.422480620155,529.0,1.1700951704878133,462.26942980756417,42.63333333333334,338.20080571052955,48.1,15.933333333333334,102.48333333333332,31.216666666666665,71.98333333333333
2026-03-17 00:00:00,2026-04-30 00:00:00,coalesce_pnlpct_or_pnl_over_risk,S6_adaptive_tier,B,A_prime,call,A,967,753.0,182.0,32.0,0.7786970010341262,1524.4963805584282,1272.0,123.08052395725615,97.66666666666667,-36.67999999999999,27.46039523989015,0.59358841778697,2031.7410358565737,1851.0,306.11538461538464,202.0,6.637173882682612,164.15369632580797,139.06666666666666,25.213553113553118,17.633333333333333,59.86666666666667,243.93333333333334,7.350000000000001,37.53333333333334
2026-03-17 00:00:00,2026-04-30 00:00:00,coalesce_pnlpct_or_pnl_over_risk,S6_adaptive_tier,B,Dropped,call,A,1359,551.0,755.0,53.0,0.40544518027961735,193.72185430463577,-67.0,449.14968847809996,-8.0,-2926.510635086622,1.7655921483097055,0.40029433406916853,1101.8929219600725,611.0,455.4635761589404,378.0,2.4192778075750048,1976.944716691002,75.33333333333333,634.3074334503375,44.4,21.133333333333333,263.4666666666667,21.3,81.19999999999999
2026-03-17 00:00:00,2026-04-30 00:00:00,coalesce_pnlpct_or_pnl_over_risk,S6_adaptive_tier,B,A_prime,call,B,2242,1411.0,699.0,132.0,0.6293487957181089,836.8960749330954,219.0,65.19030627416001,17.1,-54.66,8.309648565785322,0.49910793933987513,1511.702338766832,942.0,367.22603719599425,283.0,4.116544541094218,118.664351523742,76.86666666666667,30.441678588459695,22.6,22.0,193.23333333333335,10.0,44.33333333333333
2026-03-17 00:00:00,2026-04-30 00:00:00,coalesce_pnlpct_or_pnl_over_risk,S6_adaptive_tier,B,Dropped,call,B,4796,2441.0,2077.0,278.0,0.5089658048373644,308.76793160967475,8.0,566.7802271031856,1.0,-1367.824087218216,2.7164272004005787,0.35904920767306087,960.0995493650144,562.0,415.38372652864706,300.0,2.3113557129176576,1564.58362534518,80.66666666666666,530.0292057201291,37.733333333333334,23.733333333333334,238.33333333333334,16.53333333333333,80.4
2026-03-17 00:00:00,2026-04-30 00:00:00,coalesce_pnlpct_or_pnl_over_risk,S6_adaptive_tier,B,A_prime,call,C,298,158.0,120.0,20.0,0.5302013422818792,816.5906040268457,33.0,61.4489932885906,2.4333333333333336,-74.36666666666666,5.010944453601451,0.540268456375839,1924.139240506329,1117.5,505.5833333333333,451.0,3.805780597671988,147.9215189873418,100.80000000000001,42.16499999999999,37.36666666666667,34.86666666666666,253.95,16.583333333333336,58.41666666666667
2026-03-17 00:00:00,2026-04-30 00:00:00,coalesce_pnlpct_or_pnl_over_risk,S6_adaptive_tier,B,Dropped,call,C,1621,777.0,756.0,88.0,0.4793337446020975,226.8075262183837,0.0,235.49464426552115,0.0,-1694.9152542372879,2.2259171329300904,0.28439235040098704,859.1467181467182,475.0,396.6957671957672,303.5,2.1657572104184664,1025.462373161216,63.06666666666667,549.0045576611842,36.93333333333334,19.333333333333332,173.0,16.25,78.19999999999999
2026-03-17 00:00:00,2026-04-30 00:00:00,coalesce_pnlpct_or_pnl_over_risk,S6_adaptive_tier,B,A_prime,call,D,1,0.0,0.0,1.0,0.0,0.0,0.0,0.0,0.0,0.0,,1.0,,,,,,,,,,,,,
2026-03-17 00:00:00,2026-04-30 00:00:00,coalesce_pnlpct_or_pnl_over_risk,S6_adaptive_tier,B,Dropped,call,D,23,13.0,8.0,2.0,0.5652173913043478,226.91304347826087,150.0,412.9890364307099,19.333333333333332,-115.79333333333332,3.076800636689216,0.391304347826087,594.7692307692307,630.0,314.125,111.5,1.8934157764241328,778.4381966042345,52.400000000000006,77.61858974358975,13.533333333333335,22.066666666666666,101.53333333333335,6.0,85.85
2026-03-17 00:00:00,2026-04-30 00:00:00,coalesce_pnlpct_or_pnl_over_risk,S6_adaptive_tier,B,A_prime,call,,197,21.0,169.0,7.0,0.1065989847715736,-562.6903553299493,-543.0,-42.07275803722507,-44.86666666666667,-121.86666666666666,0.10528354884013753,0.5279187817258884,621.1428571428571,302.0,733.1005917159763,610.0,0.8472818930468211,47.780952380952385,22.53333333333333,54.98067061143986,47.8,7.466666666666668,40.0,33.2,65.33333333333333
2026-03-17 00:00:00,2026-04-30 00:00:00,coalesce_pnlpct_or_pnl_over_risk,S6_adaptive_tier,B,Dropped,call,,1137,255.0,826.0,56.0,0.22427440633245382,-241.896218117854,-287.0,-85.5585115836355,-32.0,-3231.1907270811375,0.38129227751370537,0.376429199648197,664.6941176470589,320.0,538.1755447941889,444.5,1.2350879263777281,1226.8137834360136,39.53333333333333,496.51034194525045,45.266666666666666,10.733333333333334,130.56428571428572,24.916666666666664,72.5
2026-03-17 00:00:00,2026-04-30 00:00:00,coalesce_pnlpct_or_pnl_over_risk,S7_AA_intersection,A,A,call,A_plus_A,745,594.0,144.0,7.0,0.7973154362416107,1690.8872483221476,1663.0,129.35615212527952,126.93333333333334,-48.46666666666667,22.448095619157883,0.6026845637583893,2219.6026936026938,2158.5,407.86805555555554,338.5,5.441962574341305,170.57216610549932,167.93333333333334,34.37175925925927,28.06666666666667,81.16666666666666,242.76666666666665,13.216666666666665,49.03333333333334
2026-03-17 00:00:00,2026-04-30 00:00:00,coalesce_pnlpct_or_pnl_over_risk,S7_AA_intersection,A,Dropped,call,A_plus_A,1600,774.0,814.0,12.0,0.48375,363.4675,-16.5,433.28721576349983,-1.7666666666666668,-149.2533333333333,2.3762983824208073,0.455625,1297.2777777777778,896.0,519.0970515970516,467.5,2.499104500375371,1368.9818836146978,95.93333333333334,450.0398436070955,44.099999999999994,37.7,203.61666666666667,24.0,73.96666666666667
2026-03-17 00:00:00,2026-04-30 00:00:00,coalesce_pnlpct_or_pnl_over_risk,S7_AA_intersection,A,A,call,Not_AA,1154,641.0,492.0,21.0,0.5554592720970537,641.9618717504333,134.5,50.880762564991336,9.9,-77.33333333333333,3.6589523177144088,0.4896013864818024,1590.3884555382215,1027.0,566.290650406504,465.5,2.808431420148969,125.6410816432657,83.39999999999999,44.348644986449855,38.733333333333334,28.133333333333333,199.33333333333334,20.65,58.666666666666664
2026-03-17 00:00:00,2026-04-30 00:00:00,coalesce_pnlpct_or_pnl_over_risk,S7_AA_intersection,A,Dropped,call,Not_AA,6838,2984.0,3734.0,120.0,0.4363849078677976,190.18631178707224,-72.5,357.6981188014842,-8.833333333333332,-1848.3357988165676,1.6751814509848713,0.31646680315881837,1081.3116621983913,690.0,515.8382431708624,426.0,2.096222365273964,1443.7203374219841,90.13333333333333,498.6935593204762,47.5,31.0,234.26666666666668,25.81666666666667,83.33333333333334
2026-03-17 00:00:00,2026-04-30 00:00:00,coalesce_pnlpct_or_pnl_over_risk,S7_AA_intersection,B,A_prime,call,Not_AA,3705,2343.0,1170.0,192.0,0.6323886639676113,940.0817813765182,290.0,74.27773279352226,21.866666666666667,-60.44,8.008505577823925,0.5287449392712551,1698.664532650448,1244.0,424.75897435897434,332.5,3.9991257046751993,134.62148242993305,100.4,34.375327635327665,26.866666666666667,29.266666666666666,208.66666666666666,11.416666666666668,49.333333333333336
2026-03-17 00:00:00,2026-04-30 00:00:00,coalesce_pnlpct_or_pnl_over_risk,S7_AA_intersection,B,Dropped,call,Not_AA,8936,4037.0,4422.0,477.0,0.4517681289167413,206.12768576544315,0.0,405.39703831136256,0.0,-1798.7923060471585,1.9428647479620695,0.3540734109221128,940.1862769383206,535.0,441.78539122568975,339.0,2.1281515767867902,1493.2342441522487,71.86666666666667,543.9978989806174,40.13333333333333,20.8,215.33333333333334,18.666666666666668,77.81666666666666
2026-03-17 00:00:00,2026-04-30 00:00:00,coalesce_pnlpct_or_pnl_over_risk,S8_conflict,A,A,call,ML_A_but_not_adaptive,932,605.0,308.0,19.0,0.6491416309012875,925.7231759656653,348.5,72.23419170243206,27.533333333333335,-60.756666666666675,7.733530527350914,0.48175965665236054,1637.8595041322315,1068.0,416.0097402597403,339.0,3.9370700866513744,128.71735537190082,86.66666666666667,34.258874458874466,27.5,30.599999999999998,201.79999999999998,14.633333333333333,48.5
2026-03-17 00:00:00,2026-04-30 00:00:00,coalesce_pnlpct_or_pnl_over_risk,S8_conflict,A,Dropped,call,ML_A_but_not_adaptive,5125,2604.0,2444.0,77.0,0.5080975609756098,355.7631219512195,13.0,528.1085643715622,1.4666666666666666,-2258.8859416445625,2.6158511133266864,0.2997073170731707,1133.5103686635944,742.5,461.6918985270049,360.0,2.455122934320438,1586.942820099973,100.96666666666667,583.4053646219619,47.199999999999996,37.2,273.73333333333335,22.333333333333332,94.66666666666667
2026-03-17 00:00:00,2026-04-30 00:00:00,coalesce_pnlpct_or_pnl_over_risk,S8_conflict,A,A,call,aligned_or_none,967,630.0,328.0,9.0,0.6514994829369183,1176.58841778697,885.0,90.75953119613926,64.2,-78.2,6.438186189458792,0.5842812823164426,2138.0603174603175,2049.5,637.8567073170732,548.0,3.3519445557817202,165.05047619047616,160.4,49.4430894308943,43.333333333333336,73.48333333333333,237.56666666666666,24.633333333333333,63.56666666666666
2026-03-17 00:00:00,2026-04-30 00:00:00,coalesce_pnlpct_or_pnl_over_risk,S8_conflict,A,Dropped,call,aligned_or_none,3313,1154.0,2104.0,55.0,0.3483247811651072,17.73498339873227,-265.0,130.58946247566882,-25.866666666666667,-175.6666666666665,1.0481484213027836,0.40959855116208876,1108.376083188908,714.0,579.995247148289,508.0,1.9110089067773457,1070.411058270927,65.66666666666666,381.46933082830765,46.53333333333333,28.000000000000004,169.45,28.933333333333334,72.81666666666666
2026-03-17 00:00:00,2026-04-30 00:00:00,coalesce_pnlpct_or_pnl_over_risk,S8_conflict,B,A_prime,call,adaptive_only,967,753.0,182.0,32.0,0.7786970010341262,1524.4963805584282,1272.0,123.08052395725616,97.66666666666667,-36.67999999999999,27.46039523989015,0.59358841778697,2031.7410358565737,1851.0,306.11538461538464,202.0,6.637173882682612,164.1536963258079,139.06666666666666,25.213553113553107,17.633333333333333,59.86666666666667,243.93333333333334,7.350000000000001,37.53333333333334
2026-03-17 00:00:00,2026-04-30 00:00:00,coalesce_pnlpct_or_pnl_over_risk,S8_conflict,B,Dropped,call,adaptive_only,1359,551.0,755.0,53.0,0.40544518027961735,193.72185430463577,-67.0,449.1496884780998,-8.0,-2926.510635086622,1.7655921483097055,0.40029433406916853,1101.8929219600725,611.0,455.4635761589404,378.0,2.4192778075750048,1976.9447166910027,75.33333333333333,634.3074334503374,44.4,21.133333333333333,263.4666666666667,21.3,81.19999999999999
2026-03-17 00:00:00,2026-04-30 00:00:00,coalesce_pnlpct_or_pnl_over_risk,S8_conflict,B,A_prime,call,aligned_or_none,2738,1590.0,988.0,160.0,0.5807158509861212,733.6796932067202,145.0,57.041684928171435,10.633333333333333,-64.67666666666666,5.552503654349525,0.5058436815193572,1540.9245283018868,959.0,446.6143724696356,355.0,3.4502349751555546,120.63547169811324,76.80000000000001,36.06302294197029,28.5,22.48333333333333,194.9666666666667,12.666666666666668,51.36666666666667
2026-03-17 00:00:00,2026-04-30 00:00:00,coalesce_pnlpct_or_pnl_over_risk,S8_conflict,B,Dropped,call,aligned_or_none,7577,3486.0,3667.0,424.0,0.46007654744621884,208.35277814438433,0.0,397.54962487905505,0.0,-1642.7011285038222,1.9807349195502268,0.3457832915401874,914.626792885829,522.5,438.96918461958006,332.0,2.0835785857689846,1416.7785727899848,71.46666666666667,525.4040351887887,39.33333333333333,20.8,202.63333333333333,18.133333333333333,76.96666666666667
2026-03-17 00:00:00,2026-04-30 00:00:00,coalesce_pnlpct_or_pnl_over_risk,S9_core_strategy,A,A,call,A_A_A,363,308.0,54.0,1.0,0.8484848484848485,2162.771349862259,2548.0,144.184756657484,169.86666666666667,-31.166666666666664,40.47536202735318,1.0,2613.551948051948,2900.0,368.2962962962963,307.5,7.096329706094387,174.23679653679656,193.33333333333331,24.55308641975309,20.5,74.21666666666667,255.98333333333335,10.533333333333333,36.56666666666667
